{
  "acc": 0.8917525773195877,
  "precision": 0.9618082618862042,
  "recall": 0.8226666666666667,
  "f1": 0.8868127919511318,
  "yes_ratio": 0.440893470790378,
  "tp": 1234,
  "tn": 1361,
  "fp": 49,
  "fn": 266,
  "n": 2910
}