{
  "acc": 0.8353333333333334,
  "precision": 0.8440492476060192,
  "recall": 0.8226666666666667,
  "f1": 0.8332207967589466,
  "yes_ratio": 0.48733333333333334,
  "tp": 1234,
  "tn": 1272,
  "fp": 228,
  "fn": 266,
  "n": 3000
}