{
  "acc": 0.8726666666666667,
  "precision": 0.914074074074074,
  "recall": 0.8226666666666667,
  "f1": 0.8659649122807017,
  "yes_ratio": 0.45,
  "tp": 1234,
  "tn": 1384,
  "fp": 116,
  "fn": 266,
  "n": 3000
}