{
  "cfg": {
    "beta1": 0.0,
    "tau_scale": 0.7,
    "use_veto": false,
    "veto_delta": 0.0
  },
  "met": {
    "acc": 0.8233333333333334,
    "precision": 0.8129032258064516,
    "recall": 0.84,
    "f1": 0.8262295081967214,
    "yes_ratio": 0.5166666666666667,
    "tp": 126,
    "tn": 121,
    "fp": 29,
    "fn": 24,
    "n": 300
  }
}