{
  "acc": 0.8356666666666667,
  "precision": 0.8513607815771109,
  "recall": 0.8133333333333334,
  "f1": 0.8319127173542449,
  "yes_ratio": 0.4776666666666667,
  "tp": 1220,
  "tn": 1287,
  "fp": 213,
  "fn": 280,
  "n": 3000
}