{
  "acc": 0.839,
  "precision": 0.8908531898539584,
  "recall": 0.7726666666666666,
  "f1": 0.8275615851481614,
  "yes_ratio": 0.43366666666666664,
  "tp": 1159,
  "tn": 1358,
  "fp": 142,
  "fn": 341,
  "n": 3000
}