{
  "coco_pope_adversarial": {
    "base": {
      "acc": 0.839,
      "precision": 0.8908531898539584,
      "recall": 0.7726666666666666,
      "f1": 0.8275615851481614,
      "yes_ratio": 0.43366666666666664,
      "tp": 1159,
      "tn": 1358,
      "fp": 142,
      "fn": 341,
      "n": 3000
    },
    "orbit": {
      "acc": 0.8356666666666667,
      "precision": 0.8513607815771109,
      "recall": 0.8133333333333334,
      "f1": 0.8319127173542449,
      "yes_ratio": 0.4776666666666667,
      "tp": 1220,
      "tn": 1287,
      "fp": 213,
      "fn": 280,
      "n": 3000
    }
  }
}