{
  "acc": 0.8353333333333334,
  "precision": 0.8507670850767085,
  "recall": 0.8133333333333334,
  "f1": 0.8316291751874574,
  "yes_ratio": 0.478,
  "tp": 1220,
  "tn": 1286,
  "fp": 214,
  "fn": 280,
  "n": 3000
}