{
  "coco_pope_adversarial": {
    "base": {
      "acc": 0.839,
      "precision": 0.8908531898539584,
      "recall": 0.7726666666666666,
      "f1": 0.8275615851481614,
      "yes_ratio": 0.43366666666666664,
      "tp": 1159,
      "tn": 1358,
      "fp": 142,
      "fn": 341,
      "n": 3000
    },
    "orbit": {
      "acc": 0.8353333333333334,
      "precision": 0.8507670850767085,
      "recall": 0.8133333333333334,
      "f1": 0.8316291751874574,
      "yes_ratio": 0.478,
      "tp": 1220,
      "tn": 1286,
      "fp": 214,
      "fn": 280,
      "n": 3000
    }
  }
}